study_title	sample_number	sample_type	run_accession	experiment_accession	sample_accession	scientific_name	sample_alias	instrument_model	fastq_md5	fastq_ftp
WES of 13 FFPE breast tumor samples and 13 corresponding frozen samples	1	FFPE	SRR1523243	SRX659779	SAMN02934181	Homo sapiens	BGI-FFPE1	Illumina HiSeq 2000	5cc183bc8031a1d2b146f338e76f8ea3;ff101edc3daf57d41395dcbc0c9e8da3	ftp.sra.ebi.ac.uk/vol1/fastq/SRR152/003/SRR1523243/SRR1523243_1.fastq.gz;ftp.sra.ebi.ac.uk/vol1/fastq/SRR152/003/SRR1523243/SRR1523243_2.fastq.gz
WES of 13 FFPE breast tumor samples and 13 corresponding frozen samples	1	FFPE	SRR1523257	SRX659793	SAMN02934181	Homo sapiens	BGI-FFPE1	Illumina HiSeq 2000	036fb379a1074d7a372352c9260cbe24;c5f3ee550a4018946694a83603573664	ftp.sra.ebi.ac.uk/vol1/fastq/SRR152/007/SRR1523257/SRR1523257_1.fastq.gz;ftp.sra.ebi.ac.uk/vol1/fastq/SRR152/007/SRR1523257/SRR1523257_2.fastq.gz
WES of 13 FFPE breast tumor samples and 13 corresponding frozen samples	1	FFPE	SRR1523263	SRX659799	SAMN02934181	Homo sapiens	BGI-FFPE1	Illumina HiSeq 2000	f9d7fab8c2072118b68dc925f179106a;f7e1da1803ca9dcadd2d0e491b1abe64	ftp.sra.ebi.ac.uk/vol1/fastq/SRR152/003/SRR1523263/SRR1523263_1.fastq.gz;ftp.sra.ebi.ac.uk/vol1/fastq/SRR152/003/SRR1523263/SRR1523263_2.fastq.gz
WES of 13 FFPE breast tumor samples and 13 corresponding frozen samples	1	FROZ	SRR1523230	SRX659766	SAMN02934168	Homo sapiens	BGI-FROZ1	Illumina HiSeq 2000	729546d1d43d8d97f441ce553e544727;8ceca36bfaeb2ec59fb6649cf003ec70	ftp.sra.ebi.ac.uk/vol1/fastq/SRR152/000/SRR1523230/SRR1523230_1.fastq.gz;ftp.sra.ebi.ac.uk/vol1/fastq/SRR152/000/SRR1523230/SRR1523230_2.fastq.gz
WES of 13 FFPE breast tumor samples and 13 corresponding frozen samples	2	FFPE	SRR1523244	SRX659780	SAMN02934182	Homo sapiens	BGI-FFPE2	Illumina HiSeq 2000	32793cef24679667017bf7a5d364e44e;91b215c751daef1ae8b1c20c5e5befdf	ftp.sra.ebi.ac.uk/vol1/fastq/SRR152/004/SRR1523244/SRR1523244_1.fastq.gz;ftp.sra.ebi.ac.uk/vol1/fastq/SRR152/004/SRR1523244/SRR1523244_2.fastq.gz
WES of 13 FFPE breast tumor samples and 13 corresponding frozen samples	2	FFPE	SRR1523264	SRX659800	SAMN02934182	Homo sapiens	BGI-FFPE2	Illumina HiSeq 2000	d2370f2e36302d091722b0e39d2fe123;8d728be2e3e3da60706d79d6c285f758	ftp.sra.ebi.ac.uk/vol1/fastq/SRR152/004/SRR1523264/SRR1523264_1.fastq.gz;ftp.sra.ebi.ac.uk/vol1/fastq/SRR152/004/SRR1523264/SRR1523264_2.fastq.gz
WES of 13 FFPE breast tumor samples and 13 corresponding frozen samples	2	FROZ	SRR1523231	SRX659767	SAMN02934169	Homo sapiens	BGI-FROZ2	Illumina HiSeq 2000	cb83c124d8370b78cdd7d725ee44028e;f65eaecf9a382a8939b639da304c9300	ftp.sra.ebi.ac.uk/vol1/fastq/SRR152/001/SRR1523231/SRR1523231_1.fastq.gz;ftp.sra.ebi.ac.uk/vol1/fastq/SRR152/001/SRR1523231/SRR1523231_2.fastq.gz
WES of 13 FFPE breast tumor samples and 13 corresponding frozen samples	3	FROZ	SRR1523240	SRX659776	SAMN02934178	Homo sapiens	BGI-FROZ3	Illumina HiSeq 2000	1a53bc5402125072b95bace710818333;aa439cdc2246c059749f0e0dda98bf4b	ftp.sra.ebi.ac.uk/vol1/fastq/SRR152/000/SRR1523240/SRR1523240_1.fastq.gz;ftp.sra.ebi.ac.uk/vol1/fastq/SRR152/000/SRR1523240/SRR1523240_2.fastq.gz
WES of 13 FFPE breast tumor samples and 13 corresponding frozen samples	3	FFPE	SRR1523251	SRX659787	SAMN02934189	Homo sapiens	BGI-FFPE3	Illumina HiSeq 2000	c3ea74da894508c310e38469e6a2e9f6;265eb6de33773c0a3d882e8b4576f9eb	ftp.sra.ebi.ac.uk/vol1/fastq/SRR152/001/SRR1523251/SRR1523251_1.fastq.gz;ftp.sra.ebi.ac.uk/vol1/fastq/SRR152/001/SRR1523251/SRR1523251_2.fastq.gz
WES of 13 FFPE breast tumor samples and 13 corresponding frozen samples	3	FFPE	SRR1523269	SRX659805	SAMN02934189	Homo sapiens	BGI-FFPE3	Illumina HiSeq 2000	d8c5891864f75c1bbb8cd30cfac1ece8;54b5a2f811a10248b5aa2994a4a2ab76	ftp.sra.ebi.ac.uk/vol1/fastq/SRR152/009/SRR1523269/SRR1523269_1.fastq.gz;ftp.sra.ebi.ac.uk/vol1/fastq/SRR152/009/SRR1523269/SRR1523269_2.fastq.gz
WES of 13 FFPE breast tumor samples and 13 corresponding frozen samples	4	FFPE	SRR1523253	SRX659789	SAMN02934191	Homo sapiens	BGI-FFPE4	Illumina HiSeq 2000	74b0d88946fd648d45e097018e24a411;16aacc43cc81cfcce63444a911b54b39	ftp.sra.ebi.ac.uk/vol1/fastq/SRR152/003/SRR1523253/SRR1523253_1.fastq.gz;ftp.sra.ebi.ac.uk/vol1/fastq/SRR152/003/SRR1523253/SRR1523253_2.fastq.gz
WES of 13 FFPE breast tumor samples and 13 corresponding frozen samples	4	FFPE	SRR1523268	SRX659804	SAMN02934191	Homo sapiens	BGI-FFPE4	Illumina HiSeq 2000	358eda80a81a094d462cee4239e3425a;407a95ec80dba50dec399bef358a26ec	ftp.sra.ebi.ac.uk/vol1/fastq/SRR152/008/SRR1523268/SRR1523268_1.fastq.gz;ftp.sra.ebi.ac.uk/vol1/fastq/SRR152/008/SRR1523268/SRR1523268_2.fastq.gz
WES of 13 FFPE breast tumor samples and 13 corresponding frozen samples	4	FROZ	SRR1523239	SRX659775	SAMN02934177	Homo sapiens	BGI-FROZ4	Illumina HiSeq 2000	6288f4a7ee1a9b0b8000fecb273d5ab8;7013050b70530e93615c6ab42338d32e	ftp.sra.ebi.ac.uk/vol1/fastq/SRR152/009/SRR1523239/SRR1523239_1.fastq.gz;ftp.sra.ebi.ac.uk/vol1/fastq/SRR152/009/SRR1523239/SRR1523239_2.fastq.gz
WES of 13 FFPE breast tumor samples and 13 corresponding frozen samples	5	FROZ	SRR1523238	SRX659774	SAMN02934176	Homo sapiens	BGI-FROZ5	Illumina HiSeq 2000	d4af06ef99782394d22a318e0acc6f59;67ae78411ac02bf0811d06d3a1a5d0aa	ftp.sra.ebi.ac.uk/vol1/fastq/SRR152/008/SRR1523238/SRR1523238_1.fastq.gz;ftp.sra.ebi.ac.uk/vol1/fastq/SRR152/008/SRR1523238/SRR1523238_2.fastq.gz
WES of 13 FFPE breast tumor samples and 13 corresponding frozen samples	5	FFPE	SRR1523252	SRX659788	SAMN02934190	Homo sapiens	BGI-FFPE5	Illumina HiSeq 2000	f071cae6191f92d80b9c5438ef7c75a6;fba0cc2b0a7c0f7528d3a5664e2e8644	ftp.sra.ebi.ac.uk/vol1/fastq/SRR152/002/SRR1523252/SRR1523252_1.fastq.gz;ftp.sra.ebi.ac.uk/vol1/fastq/SRR152/002/SRR1523252/SRR1523252_2.fastq.gz
WES of 13 FFPE breast tumor samples and 13 corresponding frozen samples	5	FFPE	SRR1523261	SRX659797	SAMN02934190	Homo sapiens	BGI-FFPE5	Illumina HiSeq 2000	ecb9c7416e7337cf8f3146fe032895e5;ba3cf9950dfd40bc39ad0d48019c695d	ftp.sra.ebi.ac.uk/vol1/fastq/SRR152/001/SRR1523261/SRR1523261_1.fastq.gz;ftp.sra.ebi.ac.uk/vol1/fastq/SRR152/001/SRR1523261/SRR1523261_2.fastq.gz
WES of 13 FFPE breast tumor samples and 13 corresponding frozen samples	6	FROZ	SRR1523242	SRX659778	SAMN02934180	Homo sapiens	BGI-FROZ6	Illumina HiSeq 2000	d312810b83c3c2cb991bfe9e7915b7a7;cfb036afc8f73a1bbe840fcf52570f6e	ftp.sra.ebi.ac.uk/vol1/fastq/SRR152/002/SRR1523242/SRR1523242_1.fastq.gz;ftp.sra.ebi.ac.uk/vol1/fastq/SRR152/002/SRR1523242/SRR1523242_2.fastq.gz
WES of 13 FFPE breast tumor samples and 13 corresponding frozen samples	6	FFPE	SRR1523256	SRX659792	SAMN02934192	Homo sapiens	BGI-FFPE6	Illumina HiSeq 2000	b7cc36b9ef42c3d13caa5e2644c88315;2762b623bfd4688fd18a2ea4941a490c	ftp.sra.ebi.ac.uk/vol1/fastq/SRR152/006/SRR1523256/SRR1523256_1.fastq.gz;ftp.sra.ebi.ac.uk/vol1/fastq/SRR152/006/SRR1523256/SRR1523256_2.fastq.gz
WES of 13 FFPE breast tumor samples and 13 corresponding frozen samples	6	FFPE	SRR1523254	SRX659790	SAMN02934192	Homo sapiens	BGI-FFPE6	Illumina HiSeq 2000	7f23adebc0b409b8fa8721ffb10df7ae;ce6f979decaf15a140c97c8a3c38310c	ftp.sra.ebi.ac.uk/vol1/fastq/SRR152/004/SRR1523254/SRR1523254_1.fastq.gz;ftp.sra.ebi.ac.uk/vol1/fastq/SRR152/004/SRR1523254/SRR1523254_2.fastq.gz
WES of 13 FFPE breast tumor samples and 13 corresponding frozen samples	7	FROZ	SRR1523234	SRX659770	SAMN02934172	Homo sapiens	BGI-FROZ7	Illumina HiSeq 2000	211518f4a01f36b3a34237a825e373dc;0989f205b0734c896a6b09ffa266a0dc	ftp.sra.ebi.ac.uk/vol1/fastq/SRR152/004/SRR1523234/SRR1523234_1.fastq.gz;ftp.sra.ebi.ac.uk/vol1/fastq/SRR152/004/SRR1523234/SRR1523234_2.fastq.gz
WES of 13 FFPE breast tumor samples and 13 corresponding frozen samples	7	FFPE	SRR1523247	SRX659783	SAMN02934185	Homo sapiens	BGI-FFPE7	Illumina HiSeq 2000	7a42c509712a26d9cb8c9a3175fe97e6;508058ac965a2f7a630e2e27268897ee	ftp.sra.ebi.ac.uk/vol1/fastq/SRR152/007/SRR1523247/SRR1523247_1.fastq.gz;ftp.sra.ebi.ac.uk/vol1/fastq/SRR152/007/SRR1523247/SRR1523247_2.fastq.gz
WES of 13 FFPE breast tumor samples and 13 corresponding frozen samples	7	FFPE	SRR1523266	SRX659802	SAMN02934185	Homo sapiens	BGI-FFPE7	Illumina HiSeq 2000	2c9097f63392d0e47df9c1dbae2d3c24;b7253c8673903a7567dc1691303caf26	ftp.sra.ebi.ac.uk/vol1/fastq/SRR152/006/SRR1523266/SRR1523266_1.fastq.gz;ftp.sra.ebi.ac.uk/vol1/fastq/SRR152/006/SRR1523266/SRR1523266_2.fastq.gz
WES of 13 FFPE breast tumor samples and 13 corresponding frozen samples	8	FFPE	SRR1523245	SRX659781	SAMN02934183	Homo sapiens	BGI-FFPE8	Illumina HiSeq 2000	9fbe4b6582a6dc1d9b2173dd0ba56e1c;93d01f4f996786e64e0628407ca60022	ftp.sra.ebi.ac.uk/vol1/fastq/SRR152/005/SRR1523245/SRR1523245_1.fastq.gz;ftp.sra.ebi.ac.uk/vol1/fastq/SRR152/005/SRR1523245/SRR1523245_2.fastq.gz
WES of 13 FFPE breast tumor samples and 13 corresponding frozen samples	8	FFPE	SRR1523262	SRX659798	SAMN02934183	Homo sapiens	BGI-FFPE8	Illumina HiSeq 2000	4231752a960193529d940ab4fd3b77d7;ccbbb39e4c4bd47fe12f27a2f177c345	ftp.sra.ebi.ac.uk/vol1/fastq/SRR152/002/SRR1523262/SRR1523262_1.fastq.gz;ftp.sra.ebi.ac.uk/vol1/fastq/SRR152/002/SRR1523262/SRR1523262_2.fastq.gz
WES of 13 FFPE breast tumor samples and 13 corresponding frozen samples	8	FROZ	SRR1523232	SRX659768	SAMN02934170	Homo sapiens	BGI-FROZ8	Illumina HiSeq 2000	619cb6b9cb5582b7c793639865e3a01e;9ff4cc216ffe421e071d17a11f9d4a6f	ftp.sra.ebi.ac.uk/vol1/fastq/SRR152/002/SRR1523232/SRR1523232_1.fastq.gz;ftp.sra.ebi.ac.uk/vol1/fastq/SRR152/002/SRR1523232/SRR1523232_2.fastq.gz
WES of 13 FFPE breast tumor samples and 13 corresponding frozen samples	9	FFPE	SRR1523255	SRX659791	SAMN02934193	Homo sapiens	BGI-FFPE9	Illumina HiSeq 2000	34b3676c06db46ca74e3765ee875533f;d51969986a1b634e915d7f60c73143da	ftp.sra.ebi.ac.uk/vol1/fastq/SRR152/005/SRR1523255/SRR1523255_1.fastq.gz;ftp.sra.ebi.ac.uk/vol1/fastq/SRR152/005/SRR1523255/SRR1523255_2.fastq.gz
WES of 13 FFPE breast tumor samples and 13 corresponding frozen samples	9	FROZ	SRR1523241	SRX659777	SAMN02934179	Homo sapiens	BGI-FROZ9	Illumina HiSeq 2000	cfcc3ab88230ac95c5d64fcae893a4ae;f3295c7d075a340710f20e35b5adfb58	ftp.sra.ebi.ac.uk/vol1/fastq/SRR152/001/SRR1523241/SRR1523241_1.fastq.gz;ftp.sra.ebi.ac.uk/vol1/fastq/SRR152/001/SRR1523241/SRR1523241_2.fastq.gz
WES of 13 FFPE breast tumor samples and 13 corresponding frozen samples	10	FROZ	SRR1523233	SRX659769	SAMN02934171	Homo sapiens	BGI-FROZ10	Illumina HiSeq 2000	df367974008a0d4d9edbf8df00745591;daa66be7acef41688a022c8d6a0dc56b	ftp.sra.ebi.ac.uk/vol1/fastq/SRR152/003/SRR1523233/SRR1523233_1.fastq.gz;ftp.sra.ebi.ac.uk/vol1/fastq/SRR152/003/SRR1523233/SRR1523233_2.fastq.gz
WES of 13 FFPE breast tumor samples and 13 corresponding frozen samples	10	FFPE	SRR1523246	SRX659782	SAMN02934184	Homo sapiens	BGI-FFPE10	Illumina HiSeq 2000	62c428bbc2700cf16b9bec0f6d083bb9;e948b05757c608bafcb84f2b4e45edab	ftp.sra.ebi.ac.uk/vol1/fastq/SRR152/006/SRR1523246/SRR1523246_1.fastq.gz;ftp.sra.ebi.ac.uk/vol1/fastq/SRR152/006/SRR1523246/SRR1523246_2.fastq.gz
WES of 13 FFPE breast tumor samples and 13 corresponding frozen samples	10	FFPE	SRR1523260	SRX659796	SAMN02934184	Homo sapiens	BGI-FFPE10	Illumina HiSeq 2000	d6ab9ad9b7fe337ec3c069b2846c8e98;88228efa9fb554070ea3fcbf873a3f6c	ftp.sra.ebi.ac.uk/vol1/fastq/SRR152/000/SRR1523260/SRR1523260_1.fastq.gz;ftp.sra.ebi.ac.uk/vol1/fastq/SRR152/000/SRR1523260/SRR1523260_2.fastq.gz
WES of 13 FFPE breast tumor samples and 13 corresponding frozen samples	10	FFPE	SRR1523265	SRX659801	SAMN02934184	Homo sapiens	BGI-FFPE10	Illumina HiSeq 2000	48deec2a18f1cbbe70074b83c5a3761f;7b9a8727ba8567549104e1a696185e98	ftp.sra.ebi.ac.uk/vol1/fastq/SRR152/005/SRR1523265/SRR1523265_1.fastq.gz;ftp.sra.ebi.ac.uk/vol1/fastq/SRR152/005/SRR1523265/SRR1523265_2.fastq.gz
WES of 13 FFPE breast tumor samples and 13 corresponding frozen samples	11	FFPE	SRR1523258	SRX659794	SAMN02934188	Homo sapiens	BGI-FFPE11	Illumina HiSeq 2000	74cd8ee47bc118746e4c1dbd8fb2e177;f297afd57e372736790f406e700a511a	ftp.sra.ebi.ac.uk/vol1/fastq/SRR152/008/SRR1523258/SRR1523258_1.fastq.gz;ftp.sra.ebi.ac.uk/vol1/fastq/SRR152/008/SRR1523258/SRR1523258_2.fastq.gz
WES of 13 FFPE breast tumor samples and 13 corresponding frozen samples	11	FROZ	SRR1523236	SRX659772	SAMN02934174	Homo sapiens	BGI-FROZ11	Illumina HiSeq 2000	675be3214cd2d85e5f01be32aa580636;261b26e94373593b4756f3fc2fe729e7	ftp.sra.ebi.ac.uk/vol1/fastq/SRR152/006/SRR1523236/SRR1523236_1.fastq.gz;ftp.sra.ebi.ac.uk/vol1/fastq/SRR152/006/SRR1523236/SRR1523236_2.fastq.gz
WES of 13 FFPE breast tumor samples and 13 corresponding frozen samples	11	FFPE	SRR1523250	SRX659786	SAMN02934188	Homo sapiens	BGI-FFPE11	Illumina HiSeq 2000	4b798ddd31ae2b51575d1866f3d2ad72;77b1ceafb07a3b5a09f14103b3c08855	ftp.sra.ebi.ac.uk/vol1/fastq/SRR152/000/SRR1523250/SRR1523250_1.fastq.gz;ftp.sra.ebi.ac.uk/vol1/fastq/SRR152/000/SRR1523250/SRR1523250_2.fastq.gz
WES of 13 FFPE breast tumor samples and 13 corresponding frozen samples	12	FFPE	SRR1523248	SRX659784	SAMN02934186	Homo sapiens	BGI-FFPE12	Illumina HiSeq 2000	76ca9c3b8c86c6c361b7b20ec21f89a1;c715e9b78e098ffd3a0ced58b122e103	ftp.sra.ebi.ac.uk/vol1/fastq/SRR152/008/SRR1523248/SRR1523248_1.fastq.gz;ftp.sra.ebi.ac.uk/vol1/fastq/SRR152/008/SRR1523248/SRR1523248_2.fastq.gz
WES of 13 FFPE breast tumor samples and 13 corresponding frozen samples	12	FROZ	SRR1523235	SRX659771	SAMN02934173	Homo sapiens	BGI-FROZ12	Illumina HiSeq 2000	2d7c08079f1f1b726794922a5407cbb2;8d5be071fe5949abff1e1ebaf1bc4716	ftp.sra.ebi.ac.uk/vol1/fastq/SRR152/005/SRR1523235/SRR1523235_1.fastq.gz;ftp.sra.ebi.ac.uk/vol1/fastq/SRR152/005/SRR1523235/SRR1523235_2.fastq.gz
WES of 13 FFPE breast tumor samples and 13 corresponding frozen samples	12	FFPE	SRR1523259	SRX659795	SAMN02934186	Homo sapiens	BGI-FFPE12	Illumina HiSeq 2000	5e079acc63c38a3c4aa7d7dc32f4ef36;060dae0bc0231377f3be7e7d96037f48	ftp.sra.ebi.ac.uk/vol1/fastq/SRR152/009/SRR1523259/SRR1523259_1.fastq.gz;ftp.sra.ebi.ac.uk/vol1/fastq/SRR152/009/SRR1523259/SRR1523259_2.fastq.gz
WES of 13 FFPE breast tumor samples and 13 corresponding frozen samples	13	FROZ	SRR1523237	SRX659773	SAMN02934175	Homo sapiens	BGI-FROZ13	Illumina HiSeq 2000	7ab0a905e6c8e315abc41497a4d39e79;a5bb5a91b119232901bd122f10872502	ftp.sra.ebi.ac.uk/vol1/fastq/SRR152/007/SRR1523237/SRR1523237_1.fastq.gz;ftp.sra.ebi.ac.uk/vol1/fastq/SRR152/007/SRR1523237/SRR1523237_2.fastq.gz
WES of 13 FFPE breast tumor samples and 13 corresponding frozen samples	13	FFPE	SRR1523267	SRX659803	SAMN02934187	Homo sapiens	BGI-FFPE13	Illumina HiSeq 2000	e1d280e5ca57d0c9bbe7a0bf3e60178e;f93ac2ea8fa4ccb3c6cf9107eb46a4b8	ftp.sra.ebi.ac.uk/vol1/fastq/SRR152/007/SRR1523267/SRR1523267_1.fastq.gz;ftp.sra.ebi.ac.uk/vol1/fastq/SRR152/007/SRR1523267/SRR1523267_2.fastq.gz
WES of 13 FFPE breast tumor samples and 13 corresponding frozen samples	13	FFPE	SRR1523249	SRX659785	SAMN02934187	Homo sapiens	BGI-FFPE13	Illumina HiSeq 2000	a1c5d3e8f49ca6913bb3e3b989d80b75;ac930fb8d88d68fac078d7216eb4a24f	ftp.sra.ebi.ac.uk/vol1/fastq/SRR152/009/SRR1523249/SRR1523249_1.fastq.gz;ftp.sra.ebi.ac.uk/vol1/fastq/SRR152/009/SRR1523249/SRR1523249_2.fastq.gz
